CRN,Subject CodeCourse Number,Monday Ind1Tuesday Ind1Wednesday Ind1Thursday Ind1Friday Ind1,Begin Time 1,End Time1,Term Code,Bldg Code1,Room Code1,Section Max Enrollment
10902,ACCT211,TR,0800,0920,201710,MBB,217,35
10602,ART331,TR,0800,1050,201710,DMC,140,17
10604,ART341,MWF,1300,1450,201710,DMC,322,11
10614,ART454,TR,0800,1050,201710,DMC,224,23
11206,ART490,TR,0800,1050,201710,DMC,220,1
11562,BHEB600,,0000,0001,201710,,,1
10300,BHEB671,,0000,0001,201710,,,15
10302,BIBD640,M,1800,2050,201710,BSB,122,15
10947,BIBH651,,0000,0001,201710,,,12
11340,BIBH664,,0000,0001,201710,,,15
10430,BIBL101,TR,0930,1050,201710,BSB,249,25
10434,BIBL101,TR,1200,1320,201710,BSB,130,80
11424,BIBL101,MWF,1300,1350,201710,BSB,129,33
10424,BIBL211,MW,1500,1620,201710,BSB,130,60
10394,BIBL454,TR,0930,1050,201710,BSB,127,25
10321,BIBM629,,0000,0001,201710,,,15
11383,BIBM716,MTWR,0800,1700,201710,BSB,250,10
11561,BIBM798,,0000,0001,201710,,,5
11045,BIOL292,MWF,1000,1050,201710,OSC,451,32
11140,BMFT603,,0000,0001,201710,,,8
11134,BMFT641,R,1300,1550,201710,BSB,113,25
11576,BUSA530,MTWRF,,,201710,,,15
11518,BUSA550,MTWRF,,,201710,,,20
10635,CHEM113,MWF,0800,0850,201710,OSC,117,58
10653,CHEM203,MWF,0900,0950,201710,OSC,175,24
11312,CHEM355,R,1330,1720,201710,OSC,,12
10933,COMP602,T,0900,1150,201710,SHB,,8
11473,CONR643,MTWRF,,,201710,,,6
11564,CONR643,MTWRF,,,201710,,,12
11504,CONR601,MTWRF,,,201710,,,20
10624,DSGN463,F,1200,1250,201710,DMC,201,15
10478,ENGL006,MWF,0800,0850,201710,ADM,316,18
10487,ENGL006,MWF,0900,0950,201710,ADM,327,18
11373,ENGL006,MWF,0800,0850,201710,ADM,127,0
11388,ENGL112,MWF,1300,1350,201710,ADM,128,25
10530,ENGL221,MWF,1300,1350,201710,ADM,331,25
10547,ENGL326,TR,1200,1320,201710,ADM,327,18
10548,ENGL326,TR,1330,1450,201710,ADM,327,18
10551,ENGL362,MW,1400,1520,201710,ADM,318,25
10555,ENGL473,MWF,1000,1050,201710,ADM,316,25
11432,ENGL699,,0000,0001,201710,,,5
11572,ENGL699,,0000,0001,201710,,,5
11152,ENGR116,T,1330,1620,201710,BEN,210,20
10754,FAM453,T,1800,2050,201710,BSB,112,44
11262,GEOG354,,0000,0001,201710,,,0
10757,HED112,MWF,0800,0850,201710,GIB,135,30
10235,HIST221,TR,1330,1450,201710,ADM,310,30
10919,IT225,TR,0930,1050,201710,MBB,317,20
10760,KINE100,TR,0800,0920,201710,MRW,260A,35
10761,KINE201,TR,1330,1450,201710,GIB,132,30
10767,KINE291,TR,0800,0920,201710,GIB,135,24
10774,KINE330,,0000,0001,201710,,,20
10326,MATH120,MWF,0900,0950,201710,OSC,241,30
10821,PEAC234,TR,1200,1320,201710,MRW,145,32
11297,PHIL478,TR,1200,1320,201710,BSB,121,30
10333,MATH130,MWF,1300,1350,201710,MBB,217,50
10336,MATH227,MWF,1000,1050,201710,OSC,239,24
10339,MATH286,MWF,0800,0850,201710,OSC,241,24
10907,MGMT330,TR,0800,0920,201710,MBB,301,50
11106,MGMT440,M,1500,1750,201710,MBB,316,30
10866,MKTG499,T,0700,0750,201710,MBB,103,0
10037,MPEI412,,0000,0001,201710,WPA,157,15
10117,MPEV311,MTWR,1700,1800,201710,WPA,145,30
10013,MUPC213,MW,1300,1350,201710,WPA,215,15
10006,MUSE336,MWF,1000,1050,201710,WPA,B7,20
11403,NUTR120,,0000,0001,201710,,,0
10368,POLS400,,0000,0001,201710,,,10
10370,POLS431,TR,0800,0920,201710,ADM,219,45
10968,PSYC610,W,0900,1050,201710,MCK,135,12
10953,SOCI477,MWF,0900,0950,201710,ADM,103,25
11015,SOCW381,M,1130,1250,201710,ADM,101,25
10573,SPAN112,MWF,0800,0850,201710,ADM,329,20
10574,SPAN221,MWF,0900,0950,201710,ADM,329,20
10575,SPAN221,MWF,1000,1050,201710,ADM,329,20
10577,SPAN290,,0000,0001,201710,,,20
11343,SPAN305,,,,201710,,,0
11342,SPAN365,,,,201710,,,0
11344,SPAN444,,,,201710,,,0
10198,THEA137,MF,1300,1450,201710,WPA,123,10
10199,THEA137,MW,1500,1650,201710,SWL,120,10
10201,THEA137,MW,1500,1650,201710,WPA,123,10
10204,THEA137,TR,1300,1450,201710,WPA,123,10
10205,THEA137,TR,1300,1450,201710,WPA,169,10
10625,THEA137,TR,1500,1650,201710,WPA,123,10
10216,THEA230,TR,1200,1320,201710,WPA,193,25
11349,THEA240,T,0830,0920,201710,WPA,214,15
11377,UNIV111,MWF,0900,0950,201710,ADM,302,25
11177,PHYS222,MWF,1300,1350,201710,OSC,350,30
11016,SOCW415,TR,1330,1450,201710,ADM,101,35
10891,PSYC233,TR,0930,1050,201710,BSB,117,42
11427,THEA424,MWF,1400,1450,201710,MRW,241,14
11302,ENGL222,MWF,0800,0950,201710,ADM,331,24
10936,COMP610,R,1300,1550,201710,,,8
11456,NURS350,T,0630,1500,201710,,,55
11457,NURS350,R,0630,1500,201710,,,55
11453,NURS352,T,0800,1050,201710,,,55
11527,NURS380,R,1300,1550,201710,,,25
11191,ENGR210,MWF,0900,0950,201710,BEN,210,20
11209,ENGR305,MW,1000,1050,201710,BEN,219,40
11165,ENVR341,,0000,0001,201710,DAN,,18
10238,HIST222,TR,1200,1320,201710,ADM,322,30
11337,CMUS4M6,,,,201710,,,1
10690,COMM211,TR,0930,1050,201710,SHB,208,40
10249,JMC201,M,1200,1250,201710,DMC,302,15
11268,SOCI416,M,1800,2100,201710,MBB,315,15
11085,BIOL364,M,1400,1650,201710,OSC,485,15
11389,BIOL399,,,,201710,OSC,375,0
10265,JMC342,TR,1330,1450,201710,DMC,320,15
10266,JMC342,TR,1500,1620,201710,DMC,307,15
10281,JMC342,TR,1330,1450,201710,DMC,320,15
10390,JMC389,TR,0930,1050,201710,DMC,307,15
10718,EDUC323,TR,0930,1050,201710,EDB,124,20
10719,EDUC331,MWF,0900,0950,201710,EDB,112,20
10960,PSYC382,TR,1500,1620,201710,BSB,130,65
10961,PSYC388,TR,1200,1320,201710,MCK,15,40
10600,ART315,TR,1630,1920,201710,DMC,220,15
11462,CONR605,MTWRF,,,201710,,,20
11505,CONR605,MTWRF,,,201710,,,10
10789,NUTR222,TR,1200,1450,201710,GIB,132,18
10792,NUTR327,MW,1500,1620,201710,GIB,132,20
10793,NUTR328,TR,1500,1620,201710,MRW,260B,20
10794,NUTR401,M,1400,1450,201710,MRW,260B,20
10637,OCCT635,R,0800,1200,201710,B08,,26
10179,SOCI111,TR,0930,1050,201710,SHB,217,40
10729,EDUC691,T,1500,1800,201710,EDB,115,10
10513,ENGL111,MWF,1300,1350,201710,ADM,330,25
10025,MPEI311,WF,1115,1250,201710,WPA,157,75
10173,MUSR301,,0000,0001,201710,WPA,111,50
10175,MUSR301,,0000,0001,201710,WPA,111,50
10980,HON401,R,1800,2050,201710,,,14
10998,HON409,,0000,0001,201710,DMC,320,4
10340,MATH341,MWF,1300,1350,201710,OSC,239,12
11538,GRAD695,,0000,0001,201710,,,5
11541,GRAD695,,0000,0001,201710,,,5
11048,BIOL293,M,1430,1645,201710,OSC,455,16
10349,MATW019,MWF,0900,0950,201710,OSC,250,23
10350,MATW019,MWF,1000,1050,201710,OSC,250,23
11365,MATW019,TR,0930,1050,201710,OSC,250,0
11413,MFTO602,MTWRF,,,201710,,,8
11531,MFTO639,MTWRF,,,201710,,,23
11416,MFTO641,MTWRF,,,201710,,,22
11417,MFTO641,MTWRF,,,201710,,,22
10316,BIBM602,,0000,0001,201710,,,30
10291,BIBM603,MTWRF,0800,1700,201710,BSB,104,20
10114,MPEV201,MWF,1400,1450,201710,WPA,145,50
11442,BIBL610,,0000,0001,201710,,,15
10949,BIBL620,,0000,0001,201710,,,15
11573,BIBL627,,,,201710,,,0
11363,ART111,MWF,0900,1050,201710,DMC,227,20
11183,PHYS110,TR,0930,1050,201710,OSC,350,45
10415,BGRK221,,0000,0001,201710,,,5
10737,READ464,TR,0930,1050,201710,EDB,110,20
11357,JMC261,WF,1300,1350,201710,DMC,110,7
10151,MPVM421,W,1500,1550,201710,WPA,131,5
10553,ENGL380,MW,1400,1520,201710,ADM,331,25
10323,BIBM658,M,1500,1750,201710,BSB,250,15
10171,MUPM421,F,1500,1700,201710,WPA,217,5
11256,CORE210,TR,1330,1450,201710,BSB,121,60
10457,CS115,MWF,1300,1350,201710,MBB,116,24
10916,CS116,TR,0930,1050,201710,MBB,318,30
10581,FREN111,MWF,0900,0950,201710,BSB,113,20
10253,FREN112,,0000,0001,201710,SAOXFO,,0
10334,MATH186,MWF,0800,0850,201710,OSC,239,24
11522,BUSA080,MTWRF,,,201710,,,15
10399,BIBP352,TR,0930,1050,201710,BSB,120,30
10397,BIBP380,TR,0800,0920,201710,BSB,130,60
10755,FAM265,TR,1200,1320,201710,BSB,115,45
10816,PEAC219,MW,1500,1620,201710,GIB,135,16
11528,LEAD711,MTWRF,,,201710,,,20
11488,LEAD724,MTWRF,,,201710,,,20
11489,LEAD724,MTWRF,,,201710,,,20
11478,LEAD744,MTWRF,,,201710,,,20
10732,SPED371,MWF,0800,0850,201710,EDB,110,18
10782,KINE421,,0000,0001,201710,,,16
10783,KINE450,MWF,1200,1250,201710,MRW,146A,24
10463,ACCT410,MWF,1000,1050,201710,MBB,118,56
10698,COMM421,TR,0930,1050,201710,SHB,216,32
10700,COMM485,TR,1330,1450,201710,SHB,217,0
11466,COMM545,MTWRF,,,201710,,,20
11467,COMM545,MTWRF,,,201710,,,20
11241,CORE110,MWF,1300,1350,201710,BSB,249,30
11246,CORE110,MWF,1300,1350,201710,MRW,260A,30
10914,FIN412,TR,0800,0920,201710,MBB,315,25
11254,ANSC345,R,1530,1730,201710,ADM,128,15
10874,ACCT210,TR,1330,1450,201710,MBB,118,50
11104,AENV110,MWF,0800,0850,201710,ADM,128,36
10589,ART105,MW,1400,1650,201710,DMC,143,20
10591,ART105,TR,0800,1050,201710,DMC,143,20
10592,ART105,TR,1200,1450,201710,DMC,143,20
10299,BHEB671,W,1330,1620,201710,BSB,126,15
10303,BIBD660,W,0800,1050,201710,BSB,128,20
10307,BIBH651,,0000,0001,201710,,,12
10443,BIBL101,TR,0930,1050,201710,BSB,130,75
10447,BIBL101,TR,0800,0920,201710,BSB,121,60
10450,BIBL101,TR,0930,1050,201710,BSB,129,70
11328,BIBM635,,0000,0001,201710,,,15
10278,BIBM740,TWRF,0800,1700,201710,BSB,249,20
11025,BIOL112,MWF,0800,0850,201710,BSB,100,112
11052,BIOL294,F,1200,1415,201710,OSC,455,16
11086,BIOL454,MWF,1300,1350,201710,OSC,457,20
11087,BIOL472,MWF,1000,1050,201710,OSC,117,10
11136,BMFT665,,0000,0001,201710,BSB,,25
10877,BUSA419,TR,0800,0920,201710,MBB,215,52
11494,BUSA656,MTWRF,,,201710,,,20
10655,CHEM203,W,1500,1650,201710,OSC,175,12
10658,CHEM221,W,1300,1650,201710,OSC,258,20
10662,CHEM423,MWF,0900,0950,201710,OSC,258,10
10934,COMP604,T,1730,2020,201710,DMC,117,24
11463,CONR612,MTWRF,,,201710,,,20
11292,CS400,,0000,0001,201710,,,0
11392,DET230,,0900,1700,201710,MBB,302,14
10616,DSGN111,MWF,0800,0950,201710,DMC,209,20
10712,EDUC211,TR,0930,1050,201710,EDB,112,24
10721,EDUC411,MWF,1300,1420,201710,EDB,122,16
10727,EDUC490,MTWRF,0730,1600,201710,,,5
10483,ENGL006,MWF,1200,1250,201710,ADM,219,18
10479,ENGL106,MWF,0900,0950,201710,ADM,318,18
10480,ENGL106,MWF,1000,1050,201710,ADM,322,18
10523,ENGL112,TR,0930,1050,201710,ADM,302,25
10535,ENGL231,TR,1330,1450,201710,ADM,318,25
10549,ENGL330,MW,1530,1650,201710,MBB,116,24
10550,ENGL331,TR,1200,1320,201710,ADM,331,15
10554,ENGL464,TR,1500,1620,201710,ADM,322,25
11063,SOCW751,R,1700,1950,201710,ADM,102,25
10564,ENGL613,TR,1330,1450,201710,ADM,127,10
11560,ENGL699,,0000,0001,201710,,,5
11149,ENGR116,,0000,0001,201710,BEN,114,20
11259,GER111,,0000,0001,201710,,,20
11471,HIED652,MTWRF,,,201710,,,20
11514,HIED695,MTWRF,,,201710,,,8
11446,HON419,,0000,0001,201710,SAOXFO,,15
10886,IS322,MWF,0800,0850,201710,MBB,315,40
10245,JMC100,MWF,0900,0950,201710,DMC,320,45
10771,KINE311,MWF,1000,1050,201710,GIB,132,20
10772,KINE321,,0000,0001,201710,,,2
10331,MATH124,MWF,0900,0950,201710,ADM,330,40
10819,PEAC228,TR,1330,1450,201710,MRW,146A,24
11019,MGMT330,TR,0930,1050,201710,MBB,301,60
10858,MKTG342,MWF,0900,0950,201710,MBB,318,40
10153,MPVM221,W,1500,1550,201710,WPA,224,5
10152,MPVM431,W,1500,1550,201710,WPA,131,5
11530,MUPC213,TR,1500,1550,201710,WPA,215,15
10167,MUPN211,,0000,0001,201710,WPA,218,15
10010,MUSM431,TR,0800,0920,201710,WPA,B7,20
11491,NURS703,MTWRF,,,201710,,,10
11146,PHYS101,TR,1330,1450,201710,BSB,100,200
10893,PSYC311,M,1500,1750,201710,BSB,120,30
10958,PSYC372,T,1800,2050,201710,MCK,15,30
11124,PSYC682,M,1500,1750,201710,MCK,135,24
11057,SOCW641,T,1300,1550,201710,ADM,102,25
11059,SOCW681,T,0800,0850,201710,ADM,102,25
10569,SPAN111,MWF,0900,0950,201710,ADM,310,20
10200,THEA137,MW,1500,1650,201710,SWL,120,10
10203,THEA137,TR,0900,1050,201710,SWL,110,10
10628,THEA461,MWF,0900,0950,201710,WPA,169,14
11447,UNIV011,TR,1200,1320,201710,ADM,302,25
11448,UNIV011,MW,1500,1620,201710,ADM,302,25
11378,UNIV111,TR,1330,1450,201710,ADM,302,25
10908,ITC110,TR,1200,1320,201710,MBB,318,80
10531,ENGL222,MW,1400,1520,201710,ADM,310,25
10871,ACCT302,TR,0800,0920,201710,MBB,117,30
10937,COMP620,T,1330,1620,201710,DMC,117,24
10894,PSYC351,M,1500,1650,201710,ADM,327,13
10895,PSYC351,M,1300,1450,201710,ADM,327,13
11323,NURS430,,0000,0001,201710,,,50
10883,ECON261,MWF,1300,1350,201710,MBB,215,52
10209,THEA205,TR,1330,1450,201710,WPA,B5,14
10212,THEA222,MW,1600,1720,201710,WPA,258,14
10214,THEA226,TR,0930,1050,201710,WPA,190,14
11126,PSYC692,W,1600,1730,201710,MCK,27,6
11299,ENGR240,MWF,0900,0950,201710,BEN,212,20
11275,ENGR306,MW,1700,1820,201710,BEN,219,40
10237,HIST222,,0000,0001,201710,,,25
10239,HIST250,TR,1330,1450,201710,ADM,322,30
10748,HIST472,TR,0930,1050,201710,ADM,322,18
11334,CMUS4M0,,0000,0001,201710,,,1
11339,CMUS4M8,,,,201710,,,1
10283,JMC351,TR,1330,1450,201710,DMC,110,15
10599,ART291,TR,0800,1050,201710,DMC,220,15
10795,NUTR428,MWF,1000,1050,201710,MRW,260B,20
10951,NUTR521,,0000,0001,201710,ACUCSQ,,10
10952,NUTR522,,0000,0001,201710,,,10
11428,NUTR523,,0000,0001,201710,,,10
10805,SOCI222,TR,0930,1050,201710,ADM,103,25
10973,PSYC647,W,1300,1550,201710,MCK,27,16
10728,EDUC687,T,1800,2050,201710,EDB,110,10
11434,EDUC691,,0000,0001,201710,,,0
10497,ENGL111,MWF,0900,0950,201710,ADM,100,25
10500,ENGL111,MWF,0900,0950,201710,LIB,272,25
10509,ENGL111,TR,0930,1050,201710,ADM,331,25
10133,MPVN411,,0000,0001,201710,WPA,133,1
10032,MPEI316,TR,1500,1620,201710,WPA,157,15
10177,MUSR301,,0000,0001,201710,WPA,111,15
10176,MUSR311,,0000,0001,201710,WPA,111,10
10015,MUST111,TR,0830,0920,201710,WPA,B5,25
11002,HON307,W,1600,1800,201710,ZEL,101,20
11047,BIOL293,M,1200,1415,201710,OSC,451,16
10630,CHEM111,M,1400,1650,201710,OSC,117,25
10082,MPIM221,F,1400,1450,201710,WPA,223,5
10317,BIBM603,T,1200,1450,201710,BSB,128,24
10320,BIBM616,,0000,0001,201710,,,12
10310,BIBL610,W,0800,1050,201710,BSB,103,25
11459,BIBL620,,0000,0001,201710,,,15
10495,ENGL007,MWF,1300,1350,201710,SHB,208,18
11102,AENV384,,0000,0001,201710,,,8
11079,BIOL354,TR,1330,1450,201710,OSC,475,16
11186,PHYS110,MWF,1300,1350,201710,OSC,417,45
11188,PHYS111,R,1500,1650,201710,LIB,231,30
10385,BGRK221,TR,1230,1320,201710,BSB,127,15
10999,JMC303,,0000,0001,201710,DMC,320,6
11436,POLC320,T,1830,2120,201710,ADM,219,35
11438,POLC430,R,1830,2120,201710,ADM,219,30
10560,ENGL523,T,1830,2120,201710,ADM,327,3
10458,CS115,MWF,1400,1450,201710,MBB,116,24
10366,POLS382,MW,1400,1520,201710,ADM,330,45
11525,BUSA080,MTWRF,,,201710,,,15
10398,BIBP478,TR,1200,1320,201710,BSB,121,25
10809,PEAC211,TR,1330,1450,201710,MRW,140,20
10813,PEAC216,MW,0730,0850,201710,MRW,260A,40
11569,SOCI580,MWF,1400,1450,201710,SHB,216,1
10917,MKTG495,TR,0930,1050,201710,MBB,218,30
11529,MFTO662,MTWRF,,,201710,,,20
11281,LEAD711,MTWRF,,,201710,,,20
11532,LEAD714,MTWRF,,,201710,,,18
11477,LEAD744,MTWRF,,,201710,,,20
11500,LEAD784,MTWRF,,,201710,,,15
10806,KINE460,MWF,1400,1450,201710,GIB,132,24
10785,KINE492,,0000,0001,201710,,,10
11279,LEAD701,MTWRF,,,201710,,,20
11460,LEAD701,MTWRF,,,201710,,,15
11476,LEAD701,MTWRF,,,201710,,,15
10706,COMM686,T,1800,2050,201710,SHB,217,20
11396,COMM699,,0000,0001,201710,,,5
11397,COMM699,,0000,0001,201710,,,5
11218,CORE110,MWF,1000,1050,201710,BSB,121,30
11221,CORE110,MWF,1000,1050,201710,LIB,272,30
11242,CORE110,MWF,1300,1350,201710,EDB,110,30
11244,CORE110,MWF,1300,1350,201710,MCK,15,30
11249,CORE110,MWF,1000,1050,201710,LIB,231,25
11108,ANSC235,MWF,1000,1050,201710,ADM,120,26
11112,ANSC360,T,1330,1520,201710,RHD,,6
10593,ART106,MWF,0800,0950,201710,DMC,143,20
11333,ART490,TR,1800,2050,201710,DMC,322,1
10297,BGRK621,M,0800,1050,201710,BSB,,15
10384,BHEB471,W,1330,1620,201710,BSB,126,5
10433,BIBL101,MWF,0900,0950,201710,ZEL,101,25
10435,BIBL101,MW,1500,1620,201710,BSB,129,60
10448,BIBL101,MWF,1000,1050,201710,BSB,129,60
10423,BIBL211,TR,1200,1320,201710,BSB,112,40
10388,BIBL320,TR,1500,1620,201710,BSB,104,20
10408,BIBM491,M,1630,1920,201710,BSB,121,40
10410,BIBM493,T,1800,2050,201710,BSB,,20
11029,BIOL113,MWF,0900,0950,201710,OSC,457,32
11039,BIOL115,T,1445,1715,201710,OSC,415,20
11091,BIOL495,T,1330,1620,201710,OSC,381,12
11135,BMFT663,T,0800,1050,201710,BSB,122,25
10411,BMIS420,MW,1500,1620,201710,BSB,112,30
11444,BUSA530,MTWRF,,,201710,,,20
11586,BUSA640,MTWRF,,,201710,,,20
10654,CHEM203,W,1300,1450,201710,OSC,175,12
10676,CHEM463,M,1300,1650,201710,OSC,157,12
10853,CS374,MWF,1400,1450,201710,MBB,314,29
11391,DET220,,0900,1700,201710,MBB,302,15
10621,DSGN351,M,1600,1900,201710,DMC,201,15
10716,EDUC287,T,1800,2050,201710,EDB,124,20
10723,EDUC431,TR,1330,1450,201710,EDB,122,16
10724,EDUC432,TR,1200,1320,201710,EDB,110,16
11535,EDUC683,MTWRF,,,201710,,,15
11375,ENGL006,MWF,0900,0950,201710,ADM,127,0
11374,ENGL106,MWF,0900,0950,201710,ADM,127,0
10520,ENGL112,MWF,1000,1050,201710,ADM,302,25
11291,ENGL232,TR,0930,1050,201710,ADM,321,25
10546,ENGL326,TR,0930,1050,201710,ADM,327,18
10563,ENGL612,M,1800,2050,201710,ADM,316,10
10825,KINE420,,0000,0001,201710,,,5
10828,KINE420,,0000,0001,201710,,,5
10565,ENGL620,T,1800,2050,201710,ZEL,,10
10567,ENGL640,R,1800,2050,201710,ADM,318,10
10568,ENGL652,MWF,1000,1050,201710,ADM,112,12
11571,ENGL699,,0000,0001,201710,,,5
10870,FIN439,TR,1200,1320,201710,MBB,116,0
10191,GLST212,,0000,0001,201710,SAOXFO,,0
11384,HIST580,TR,0930,1050,201710,ADM,329,1
10773,KINE322,,0000,0001,201710,,,10
11132,BMFT610,T,0800,1050,201710,BSB,,25
10824,PEAC353,MW,1200,1320,201710,MRW,240,5
10337,MATH237,TR,1330,1450,201710,OSC,241,24
10338,MATH238,TR,1330,1450,201710,OSC,239,24
10050,MPIN211,,0000,0001,201710,WPA,223,5
10076,MPIN211,,0000,0001,201710,WPA,227,5
10002,MUSE118,MW,1400,1450,201710,WPA,157,15
10007,MUSE330,TR,0930,1050,201710,WPA,213,20
10005,MUSE334,MWF,0900,0950,201710,WPA,157,25
11568,MUSM432,,0000,0001,201710,,,1
11145,PHYS101,MWF,1000,1050,201710,BSB,100,200
11182,PHYS363,W,1400,1700,201710,OSC,358,18
11008,POLS225,MW,1200,1320,201710,BSB,114,35
11018,PSYC485,MW,1400,1520,201710,MCK,15,30
10971,PSYC613,M,0900,1150,201710,MCK,27,15
10738,READ480,MTWR,1500,1700,201710,EDB,122,10
10182,SOCI385,MWF,1300,1350,201710,SHB,216,20
11056,SOCW625,M,1300,1550,201710,ADM,102,25
11060,SOCW740,F,0900,1150,201710,ADM,102,15
11062,SOCW748,F,1300,1550,201710,ADM,101,25
10033,THEA101,MW,1500,1550,201710,WPA,193,22
10194,THEA227,MWF,1300,1350,201710,SWL,120,22
10627,THEA321,MWF,1400,1450,201710,WPA,258,14
10226,THEA454,TR,1500,1700,201710,WPA,169,14
11178,PHYS223,M,1400,1650,201710,LIB,231,20
10220,THEA411,,0000,0001,201710,WPA,135,6
11300,ENGL222,MWF,0800,0950,201710,ADM,331,24
10940,COMP659,W,0830,1120,201710,BSB,250,24
10941,COMP659,W,0830,1120,201710,BSB,250,8
11455,NURS340,F,0900,1050,201710,,,27
11322,NURS431,T,0900,1050,201710,,,50
10023,MPEI301,WF,1115,1250,201710,WPA,157,75
10029,MPEI305,TR,1630,1800,201710,WPA,157,15
11211,ENGR220,TR,0800,0920,201710,BEN,119,40
10842,MGMT331,MWF,0900,0950,201710,MBB,216,40
10900,MGMT332,TR,1330,1450,201710,MBB,216,40
11338,CMUS4M7,,,,201710,,,1
10683,COMM211,MWF,0800,0850,201710,SHB,215,20
10685,COMM211,MWF,1300,1350,201710,SHB,215,20
10271,JMC492,TR,1330,1450,201710,DMC,302,20
10183,SOCI415,TR,0800,0920,201710,ADM,103,25
10898,MGMT439,TR,1330,1450,201710,MBB,218,40
10631,OCCT601,TR,1600,1800,201710,B08,,26
10636,OCCT617,W,0900,1100,201710,ADM,317,26
10093,MPIM421,F,1400,1450,201710,WPA,130,5
10101,MPIM421,F,1400,1450,201710,WPA,246,5
10105,MPIM421,F,1400,1450,201710,WPA,223,2
10514,ENGL111,MWF,1400,1450,201710,ADM,120,25
11001,HON307,T,1700,1900,201710,ZEL,101,20
10992,HON407,,0900,1700,201710,,,15
10994,HON408,M,1800,2050,201710,LIB,272,15
10987,HON414,,0900,1700,201710,,,15
11433,GRAD695,,,,201710,,,5
11542,GRAD695,,0000,0001,201710,,,5
10351,MATW019,TR,0800,0920,201710,OSC,250,23
11133,BMFT601,M,1300,1550,201710,BSB,128,25
10633,CHEM111,M,1400,1650,201710,OSC,117,25
11311,MATW120,TR,0930,1050,201710,OSC,241,32
11309,MATW130,MW,1300,1350,201710,MBB,117,40
11415,MFTO610,MTWRF,,,201710,,,20
11414,MFTO634,MTWRF,,,201710,,,20
10966,PSYC493,TR,1330,1450,201710,MCK,15,24
10086,MPIM221,F,1400,1450,201710,WPA,219,5
10104,MPIM221,F,1400,1450,201710,WPA,223,5
10319,BIBM609,R,0830,1030,201710,,,5
10115,MPEV211,MWF,1400,1450,201710,WPA,145,25
10120,MPEV302,TR,1500,1650,201710,WPA,145,20
10740,SPED477,TR,0930,1050,201710,EDB,115,10
10741,SPED577,TR,0930,1050,201710,EDB,115,5
10383,BGRK441,,0000,0001,201710,BSB,,10
10906,MKTG320,TR,1330,1450,201710,MBB,201,75
10362,POLC499,,0000,0001,201710,,,10
10407,BIBM435,TR,0930,1050,201710,BSB,113,20
10172,MUPM431,M,1600,1800,201710,WPA,217,5
10880,CS330,TR,1200,1320,201710,MBB,215,38
10188,CORE210,,0000,0001,201710,SAOXFO,,0
10373,POLS360,TR,1500,1620,201710,ADM,219,45
10759,HED324,MWF,1000,1050,201710,GIB,135,30
11506,HIED613,MTWRF,,,201710,,,20
10582,FREN111,MWF,1400,1450,201710,ADM,322,20
11386,FAM251,TR,1330,1450,201710,BSB,120,45
11144,PEAC207,TR,1330,1450,201710,MRW,240,30
10814,PEAC216,,0000,0001,201710,SAMONT,,20
11010,SOCW230,TR,1330,1450,201710,ADM,100,40
10456,MGMT305,MWF,1000,1050,201710,MBB,318,36
11287,LEAD711,MTWRF,,,201710,,,20
11278,LEAD714,MTWRF,,,201710,,,20
11284,LEAD714,MTWRF,,,201710,,,20
11544,LEAD714,MTWRF,,,201710,,,15
10808,KINE473,MWF,1000,1050,201710,GIB,130,20
11285,LEAD701,MTWRF,,,201710,,,20
11286,LEAD701,MTWRF,,,201710,,,20
11465,COMM545,MTWRF,,,201710,,,20
11468,COMM545,MTWRF,,,201710,,,20
11399,COMM699,,0000,0001,201710,,,5
11215,CORE110,MWF,1000,1050,201710,BSB,219,30
11217,CORE110,MWF,1000,1050,201710,BSB,115,30
11222,CORE110,MWF,1000,1050,201710,ADM,330,30
11224,CORE110,MWF,1000,1050,201710,MBB,217,30
11239,CORE110,MWF,1300,1350,201710,WPA,B5,30
11251,CORE110,MWF,1300,1350,201710,BSB,120,25
11114,ANSC496,TR,0930,1050,201710,ADM,120,15
10609,ART423,TR,1200,1320,201710,DMC,141,50
10449,BIBL101,MWF,0900,0950,201710,BSB,120,60
10380,BIBL211,,0000,0001,201710,,,25
10420,BIBL211,MWF,1000,1050,201710,BSB,114,60
10425,BIBL211,MWF,0800,0850,201710,BSB,117,60
10393,BIBL453,MWF,1000,1050,201710,BSB,127,25
11404,BIBL699,,0000,0001,201710,,,5
10292,BIBM648,MTWRF,0800,1700,201710,BSB,249,25
11398,BIBM799,,0000,0001,201710,,,5
11026,BIOL112,MWF,0800,0850,201710,OSC,458,55
11053,BIOL294,F,1200,1415,201710,OSC,451,16
11083,BIOL357,TR,1200,1320,201710,OSC,475,16
11496,BUSA656,MTWRF,,,201710,,,20
10660,CHEM223,MWF,0800,0850,201710,OSC,157,40
10665,CHEM355,TR,0930,1050,201710,OSC,258,24
10943,COMP693,M,1230,1320,201710,SHB,210,24
11503,CONR601,MTWRF,,,201710,,,20
11565,CS140,,,,201710,,,0
10921,DET410,TR,0930,1050,201710,MBB,316,30
10469,ECON260,MWF,0900,0950,201710,MBB,215,52
10711,EDUC211,TR,0800,0920,201710,EDB,112,24
10717,EDUC250,M,1800,2050,201710,EDB,112,20
11533,EDUC686,MTWRF,,,201710,,,15
10481,ENGL006,MWF,1000,1050,201710,ADM,322,18
10492,ENGL107,MWF,1000,1050,201710,MBB,116,18
10494,ENGL107,MWF,1300,1350,201710,SHB,208,18
10521,ENGL112,MWF,0800,0850,201710,MBB,316,25
10525,ENGL112,MWF,1300,1350,201710,ADM,219,25
10826,KINE420,,0000,0001,201710,,,10
10459,FIN416,MWF,0900,0950,201710,MBB,218,40
11552,FLEN037,MTWRF,0900,0950,201710,DMC,201,20
11557,FLEN049,MTWRF,0900,0950,201710,ADM,319,20
11295,GER340,TR,0930,1050,201710,OSC,239,20
11212,GERO352,T,1500,1750,201710,ADM,103,20
10758,HED112,MWF,0900,0950,201710,GIB,135,30
11474,HIED695,MTWRF,,,201710,,,6
10269,JMC390,MW,1500,1620,201710,DMC,302,15
10763,KINE232,MWF,1000,1050,201710,GIB,136,20
10768,KINE301,MWF,1300,1350,201710,GIB,132,30
10780,KINE373,T,1500,1700,201710,GIB,131,12
10882,MACC611,R,1500,1750,201710,MBB,215,50
11296,PHIL380,TR,0800,0920,201710,BSB,,50
10849,MGMT330,TR,1330,1450,201710,MBB,215,52
10026,MPEI210,WF,1115,1250,201710,,,90
10048,MPEI407,,0000,0001,201710,WPA,157,5
10146,MPVM231,W,1500,1550,201710,WPA,220,5
10170,MUPM231,F,1500,1700,201710,WPA,217,5
10797,PEAC100,MW,1400,1520,201710,MRW,260A,45
10798,PEAC100,TR,1200,1320,201710,MRW,260A,45
11202,PHYS388,MWF,1000,1050,201710,BEN,219,10
10888,PSYC120,TR,0930,1050,201710,BSB,100,290
11267,PSYC340,R,1800,2050,201710,MCK,15,30
10963,PSYC451,TR,0800,0920,201710,MCK,,20
11122,PSYC660,R,1230,1530,201710,MCK,42,16
11123,PSYC664,W,1300,1550,201710,MCK,135,15
10730,READ322,M,1800,2050,201710,EDB,110,15
11055,SOCW615,M,0900,1150,201710,ADM,102,25
11071,SOCW799,,0000,0001,201710,,,12
11073,SOCW799,,0000,0001,201710,,,4
10579,SPAN342,TR,1330,1450,201710,ADM,331,20
10580,SPAN440,TR,0800,0920,201710,ADM,331,20
10195,THEA137,MW,1300,1450,201710,SWL,120,10
11264,PHYS240,T,1500,1800,201710,OSC,327,23
10222,THEA422,TR,0930,1050,201710,MRW,240,14
10923,ITC460,TR,1330,1450,201710,MBB,318,40
10189,ENGL222,,0000,0001,201710,SAOXFO,,0
10955,PSYC368,MWF,0900,0950,201710,MCK,42,15
11315,NURS351,,0000,0001,201710,,,0
11316,NURS352,,0000,0001,201710,,,0
11320,NURS453,M,0900,1050,201710,,,50
10215,THEA226,TR,1500,1700,201710,WPA,169,14
11319,NURS250,,0000,0001,201710,,,0
10027,MPEI304,T,1545,1700,201710,WPA,157,60
11360,ENGR340,,,,201710,,,1
11115,ENVR320,TR,1500,1650,201710,ADM,127,15
11336,CMUS4M2,,,,201710,,,1
10689,COMM211,TR,0800,0920,201710,SHB,208,20
11305,COMM211,MWF,0800,0950,201710,SHB,,18
10251,JMC201,W,1200,1250,201710,DMC,302,15
10184,SOCI416,TR,1200,1320,201710,MBB,315,25
10962,PSYC401,W,1200,1250,201710,MCK,135,15
11348,GERO495,,0000,0001,201710,,,12
10710,EACH466,MWF,1000,1050,201710,EDB,124,20
10639,OCCT661,M,0900,1100,201710,B08,,26
11554,FLEN039,MTWRF,1000,1050,201710,ADM,319,20
10647,CHEM131,R,1330,1720,201710,OSC,117,29
11435,EDUC691,,0000,0001,201710,,,0
10473,ENGL003,MWF,1200,1250,201710,ADM,327,18
10097,MPIM421,F,1400,1450,201710,WPA,246,5
10102,MPIM421,F,1400,1450,201710,WPA,150,5
10650,CHEM133,TR,0930,1050,201710,OSC,157,38
10507,ENGL111,MWF,0800,0850,201710,ADM,318,25
11158,BCOR310,TR,0930,1050,201710,BSB,114,60
11161,BCOR310,TR,1500,1620,201710,BSB,115,60
10036,MPEI402,,0000,0001,201710,WPA,157,15
11033,BIOL114,M,1600,1750,201710,OSC,415,24
11037,BIOL114,T,1800,1950,201710,OSC,427,24
10982,HON402,,0900,1700,201710,SHB,215,15
10341,MATH361,MWF,1000,1050,201710,OSC,241,22
11549,FLEN023,MTWRF,1400,1450,201710,ADM,319,20
11551,FLEN027,MTWRF,0900,0950,201710,DMC,201,20
10234,HIST131,MWF,1000,1050,201710,ADM,321,30
11422,MFTO602,MTWRF,,,201710,,,8
10290,BIBM602,M,0000,0001,201710,,,30
10047,MPEI416,,0000,0001,201710,WPA,246,5
10049,MPEI417,,0000,0001,201710,WPA,157,5
10948,BIBL610,,0000,0001,201710,,,15
11304,ENGL262,TR,1200,1450,201710,ADM,316,24
10618,DSGN211,TR,0800,1050,201710,DMC,209,15
11329,BIOL345,MWF,1300,1350,201710,ADM,120,8
11189,PHYS111,F,1400,1550,201710,LIB,231,30
11355,JMC261,TR,1500,1550,201710,DMC,110,9
10405,BIBM413,MWF,1000,1050,201710,BSB,117,60
10168,MUPN411,,0000,0001,201710,WPA,218,10
10557,ENGL496,TR,0930,1050,201710,ADM,120,25
10273,BIBM701,M,0800,1700,201710,BSB,250,20
10606,ART351,MWF,1300,1450,201710,DMC,224,20
10607,ART352,MWF,0900,1050,201710,DMC,207,20
10850,CS311,W,1500,1650,201710,MBB,302,15
11255,CORE210,TR,0930,1050,201710,BSB,121,60
10376,POLS361,MW,1530,1650,201710,ADM,219,45
11040,BIOL221,TR,0930,1050,201710,OSC,457,40
11042,BIOL223,R,1330,1620,201710,OSC,427,20
10583,FREN221,TR,0930,1050,201710,BRT,100,20
11440,FREN400,,,,201710,,,3
11441,MATH185,,,,201710,,,0
11521,BUSA084,MTWRF,,,201710,,,15
11524,BUSA084,MTWRF,,,201710,,,15
10812,PEAC215,TR,1200,1320,201710,GIB,135,40
11011,SOCW250,TR,0930,1050,201710,ADM,101,35
11421,MFTO662,MTWRF,,,201710,,,20
11487,LEAD724,MTWRF,,,201710,,,20
10807,KINE473,TR,0800,0920,201710,GIB,136,20
10695,COMM376,TR,1500,1620,201710,SHB,217,35
10701,COMM499,M,1500,1750,201710,SHB,215,15
10704,COMM636,T,1800,2050,201710,,,20
11227,CORE110,MWF,1000,1050,201710,WPA,B5,30
11237,CORE110,MWF,1300,1350,201710,BSB,130,30
11248,CORE110,MWF,1000,1050,201710,ZEL,101,25
10872,ACCT211,TR,0930,1050,201710,MBB,117,35
10903,ACCT324,TR,0930,1050,201710,MBB,217,40
11096,AENV110,W,1530,1720,201710,ADM,327,18
10590,ART105,MWF,0800,0950,201710,DMC,220,20
11330,ART434,TR,0800,1050,201710,DMC,140,2
11331,ART490,TR,1500,1750,201710,DMC,140,1
11332,ART490,TR,1500,1750,201710,DMC,140,1
10308,BIBH664,T,1200,1450,201710,BSB,104,20
10429,BIBL101,TR,1330,1450,201710,BSB,130,60
10441,BIBL101,TR,1500,1620,201710,BSB,129,60
10426,BIBL211,MWF,1300,1350,201710,BSB,104,25
10427,BIBL211,TR,0800,0920,201710,BSB,112,30
10428,BIBL211,TR,1330,1450,201710,BSB,103,30
10404,BIBM395,MW,1500,1700,201710,,,5
10406,BIBM439,TR,1330,1450,201710,BSB,249,25
11027,BIOL112,MWF,0900,0950,201710,OSC,458,55
11038,BIOL115,T,1200,1430,201710,OSC,415,20
11043,BIOL291,TR,0930,1050,201710,OSC,458,34
11084,BIOL362,MWF,1000,1050,201710,OSC,457,35
11093,BIOL497,TR,0930,1050,201710,OSC,485,12
11094,BIOL498,MWF,1200,1250,201710,OSC,457,20
11138,BMFT603,,0000,0001,201710,,,8
10465,BUSA120,MWF,0900,0950,201710,MBB,201,65
10638,CHEM113,MWF,0900,0950,201710,OSC,157,40
10659,CHEM221,R,1330,1720,201710,OSC,258,18
10666,CHEM355,T,1330,1720,201710,OSC,175,12
10675,CHEM453,MWF,1000,1050,201710,OSC,117,45
10925,COMP235,MWF,1000,1050,201710,SHB,210,20
10927,COMP352,TR,0800,0920,201710,DMC,117,30
10932,COMP602,T,0900,1150,201710,SHB,210,24
10852,CS130,MWF,1000,1050,201710,MBB,314,29
11293,DET400,,0000,0001,201710,,,0
10622,DSGN401,MW,1500,1750,201710,DMC,207,15
10722,EDUC412,TR,1330,1450,201710,EDB,110,16
10485,ENGL006,MWF,0800,0850,201710,ADM,310,18
10486,ENGL106,MWF,0900,0950,201710,ADM,327,18
11371,ENGL332,TR,1330,1450,201710,LIB,272,25
11147,ENGR115,MW,0900,0950,201710,BEN,119,40
11154,ENGR131,TR,1715,1835,201710,BEN,210,23
11120,ENVR455,MWF,0800,0850,201710,ADM,120,20
10453,FIN310,MWF,1000,1050,201710,MBB,115,56
10455,FIN419,MW,1500,1620,201710,MBB,118,56
10229,GEOG354,TR,0930,1050,201710,ADM,310,30
10678,GEOL111,MWF,1000,1050,201710,OSC,175,40
10745,GLST499,M,1800,2050,201710,ADM,310,18
11143,HIST409,MWF,1400,1450,201710,ADM,321,18
10244,HIST496,MW,1300,1420,201710,ADM,329,18
10991,HON416,,0800,1700,201710,MBB,316,15
10887,IS322,MWF,0900,0950,201710,MBB,315,40
11364,IS322,MW,1400,1520,201710,MBB,216,40
11325,IS324,TR,0800,0920,201710,MBB,201,48
10263,JMC321,T,1700,1750,201710,DMC,110,20
10764,KINE241,MWF,0900,0950,201710,MRW,146A,16
10778,KINE372,MWF,0900,0950,201710,GIB,130,24
10823,PEAC341,TR,1500,1750,201710,MRW,146A,16
10332,MATH130,MWF,1200,1250,201710,MBB,217,50
11298,MATH418,M,1500,1650,201710,OSC,250,10
10856,MGMT345,MWF,1300,1350,201710,MBB,315,40
10865,MGMT499,T,0700,0750,201710,MBB,103,0
10056,MPIN211,,0000,0001,201710,WPA,219,5
10022,MUST432,TR,0930,1020,201710,WPA,B7,15
10788,NUTR221,M,1800,2050,201710,MRW,260B,30
10796,PEAC100,TR,1330,1450,201710,MRW,260A,45
10799,PEAC100,MWF,1200,1250,201710,MRW,260A,25
10804,PEAC206,,0000,0001,201710,,,100
11207,PHYS461,TR,0800,0920,201710,BEN,210,30
11009,POLS225,TR,1330,1450,201710,ADM,219,45
10964,PSYC485,R,1530,1720,201710,MCK,27,15
10965,PSYC485,W,0900,1050,201710,MCK,27,15
10969,PSYC610,T,0900,1150,201710,MCK,27,12
11125,PSYC683,R,0900,1150,201710,MCK,27,10
10976,PSYC685,M,0900,1150,201710,MCK,135,10
10977,PSYC690,R,1300,1550,201710,MCK,135,6
10739,READ480,MTWR,1500,1700,201710,EDB,122,10
11012,SOCW327,MWF,0900,0950,201710,ADM,101,40
11013,SOCW351,MWF,0800,0850,201710,ADM,101,35
11058,SOCW651,T,0900,1150,201710,ADM,102,25
10570,SPAN111,MWF,1000,1050,201710,ADM,128,20
10381,SPAN222,,0000,0001,201710,SAMONT,,0
10578,SPAN301,TR,0930,1050,201710,ADM,316,20
10193,THEA137,MWF,1400,1450,201710,SWL,120,22
10217,THEA325,TR,0930,1050,201710,WPA,169,14
11379,UNIV111,TR,1500,1620,201710,ADM,302,25
11185,PHYS221,R,0800,1050,201710,LIB,231,20
11179,PHYS223,T,1330,1620,201710,LIB,231,20
11265,PHYS240,T,1800,2100,201710,OSC,327,23
10890,PSYC232,MWF,0900,0950,201710,BSB,100,250
10935,COMP610,R,1300,1550,201710,DMC,117,24
10939,COMP640,R,1730,2020,201710,DMC,117,24
11450,NURS351,F,0800,1050,201710,,,55
11526,NURS380,W,1300,1550,201710,,,25
11458,NURS453,M,0900,1050,201710,,,55
11203,ENGR332,TR,1500,1620,201710,BEN,219,40
11197,ENGR434,MWF,0800,0850,201710,OSC,175,40
11116,ENVR341,MW,1300,1350,201710,ADM,127,18
10867,MGMT335,TR,0800,0920,201710,MBB,115,30
10680,COMM211,MWF,0900,0950,201710,SHB,208,20
11390,COMM211,MWF,1200,1250,201710,SHB,215,20
11350,BIOL399,,,,201710,OSC,375,0
10897,MGMT439,TR,0800,0920,201710,MBB,216,40
10414,BMIS245,MW,1500,1620,201710,BSB,103,30
10634,OCCT607,T,0900,1030,201710,LIB,235,26
10972,PSYC642,W,0900,1150,201710,MCK,42,12
10974,PSYC648,R,0900,1150,201710,MCK,135,16
11430,ENGL003,MWF,1000,1050,201710,ADM,219,18
10649,CHEM133,TR,0930,1050,201710,OSC,117,45
10498,ENGL111,MWF,1300,1350,201710,ADM,318,25
10502,ENGL111,MWF,1000,1050,201710,ADM,100,25
10508,ENGL111,TR,0930,1050,201710,MBB,116,25
10028,MPEI314,T,1545,1700,201710,WPA,157,40
11030,BIOL114,M,1400,1550,201710,OSC,427,24
11032,BIOL114,M,1600,1750,201710,OSC,427,24
10983,HON412,,0900,1700,201710,SHB,215,15
10985,HON413,M,1800,2050,201710,OSC,485,15
11449,GRAD695,,0000,0001,201710,,,5
11536,GRAD695,,0000,0001,201710,,,5
11537,GRAD695,,0000,0001,201710,,,5
11543,GRAD695,,0000,0001,201710,,,5
11423,MATW019,TR,1330,1450,201710,OSC,250,23
10230,HIST117,TR,1330,1450,201710,ADM,321,30
11308,MATW120,MW,1630,1720,201710,OSC,241,32
11408,MFTO643,MTWRF,,,201710,,,20
11411,MFTO645,MTWRF,,,201710,,,20
10967,PSYC608,T,0900,1150,201710,MCK,135,10
10612,ART443,MWF,1300,1450,201710,DMC,322,7
10084,MPIM221,F,1400,1450,201710,WPA,223,5
10311,BIBL610,,0000,0001,201710,,,19
10312,BIBL620,,0000,0001,201710,,,16
10313,BIBL621,F,0800,1700,201710,BSB,250,15
10536,ENGL262,MWF,1300,1350,201710,ADM,316,25
10538,ENGL262,MWF,1400,1450,201710,ADM,316,25
10542,ENGL263,MWF,0900,0950,201710,ADM,219,25
10543,ENGL301,TR,0800,0920,201710,ADM,310,25
10620,DSGN301,TR,1330,1620,201710,DMC,207,20
11097,AENV130,TR,0800,0920,201710,ADM,128,32
11098,AENV130,TR,0930,1050,201710,ADM,128,32
11080,BIOL354,TR,1500,1620,201710,OSC,475,16
11354,BIOL354,MW,1430,1550,201710,OSC,475,16
11208,ART112,TR,1330,1620,201710,DMC,227,14
11090,BIOL493,W,1200,1450,201710,OSC,455,16
10386,BGRK221,MTWR,1500,1550,201710,BSB,127,15
10295,BGRK611,W,1330,1620,201710,BSB,113,20
10905,MKTG320,TR,1200,1320,201710,MBB,201,75
10731,READ363,T,1800,2050,201710,EDB,112,25
11437,POLC365,TR,1330,1450,201710,MBB,315,30
10155,MPVM421,W,1500,1550,201710,WPA,224,5
10159,MPVM421,W,1500,1550,201710,WPA,133,5
10552,ENGL376,MWF,1300,1350,201710,ADM,310,25
10558,ENGL499,TR,1630,1750,201710,ADM,318,25
11054,ART353,TR,1330,1620,201710,DMC,224,20
10403,BIBM330,TR,1330,1450,201710,BSB,112,40
11508,HIED621,MTWRF,,,201710,,,20
10344,MATH185,MWF,0800,0850,201710,MBB,217,40
10811,PEAC214,TR,1200,1320,201710,MRW,240,40
10815,PEAC217,TR,0800,0920,201710,EAG,,24
10817,PEAC224,TR,1500,1620,201710,GIB,132,20
11282,LEAD711,MTWRF,,,201710,,,20
11479,LEAD744,MTWRF,,,201710,,,20
11482,LEAD744,MTWRF,,,201710,,,20
11499,LEAD784,MTWRF,,,201710,,,15
10699,COMM430,MWF,1400,1450,201710,SHB,217,32
10703,COMM620,M,1500,1750,201710,SHB,217,20
11225,CORE110,MWF,1000,1050,201710,EDB,110,30
11231,CORE110,MWF,1300,1350,201710,LIB,272,30
11235,CORE110,MWF,1300,1350,201710,ADM,103,30
11247,CORE110,MWF,1000,1050,201710,BSB,104,25
11347,CORE110,MWF,1300,1350,201710,MRW,260B,30
11109,ANSC360,MWF,0900,0950,201710,ADM,120,24
11110,ANSC360,M,1330,1520,201710,RHD,,6
10298,BGRK623,M,1200,1450,201710,BSB,122,15
10436,BIBL101,MWF,0800,0850,201710,BSB,112,40
10419,BIBL102,MWF,0900,0950,201710,BSB,130,25
10417,BIBL103,MWF,1000,1050,201710,BSB,120,35
10409,BIBM492,TR,1500,1620,201710,BSB,112,40
11382,BIBM726,M,0800,1700,201710,BSB,249,15
11439,BIBM799,,0000,0001,201710,,,5
10467,BUSA120,MWF,1300,1350,201710,MBB,201,65
10924,COMP225,MWF,0900,0950,201710,SHB,210,17
10928,COMP356,MWF,1000,1050,201710,DMC,117,30
11464,CONR612,MTWRF,,,201710,,,20
11394,ECON260,MWF,1200,1250,201710,MBB,115,50
10491,ENGL006,MWF,1200,1250,201710,ADM,330,18
10484,ENGL106,MWF,0800,0850,201710,ADM,310,18
10522,ENGL112,MWF,1200,1250,201710,ADM,316,25
10533,ENGL231,TR,0800,0920,201710,LIB,272,25
11148,ENGR115,MW,1000,1050,201710,BEN,119,40
11121,ENVR455,T,1400,1650,201710,ADM,120,20
11548,FLEN031,MTWRF,1300,1350,201710,ADM,319,20
10240,HIST353,MW,1500,1620,201710,LIB,,18
10254,HIST436,TR,1330,1450,201710,ADM,329,18
10995,HON418,M,1800,2050,201710,LIB,272,15
10257,JMC223,M,1500,1700,201710,DMC,307,15
10258,JMC233,TR,1200,1320,201710,DMC,302,15
10765,KINE232,MWF,0900,0950,201710,GIB,136,16
10325,MATH109,MWF,0800,0850,201710,ADM,330,54
10327,MATH120,MWF,1200,1250,201710,MBB,301,70
10328,MATH123,MWF,0800,0850,201710,MBB,117,40
10822,PEAC239,R,1830,2120,201710,MRW,260B,100
10347,MATH497,MW,1400,1450,201710,OSC,239,15
11020,MGMT330,TR,0800,0920,201710,MBB,301,10
10060,MPIN211,,0000,0001,201710,WPA,130,5
10070,MPIN211,,0000,0001,201710,WPA,150,5
10072,MPIN211,,0000,0001,201710,WPA,223,5
10157,MPVM221,W,1500,1550,201710,WPA,133,5
10160,MPVM431,W,1500,1550,201710,WPA,133,5
10134,MPVN211,,0000,0001,201710,WPA,225,1
10786,NUTR120,,0000,0001,201710,,,27
10801,PEAC203,MW,1200,1320,201710,MRW,240,20
11324,PSJS499,,0000,0001,201710,,,1
10979,PSYC699,,0000,0001,201710,,,10
11585,SOCI400,,0000,0001,201710,,,0
11072,SOCW799,,0000,0001,201710,,,12
11346,SPAN345,,,,201710,,,0
10626,THEA137,,0900,1600,201710,WPA,137,10
10225,THEA454,TR,1330,1450,201710,WPA,193,14
11376,UNIV111,MWF,0800,0850,201710,ADM,302,25
10371,POLS490,TR,0930,1050,201710,ADM,219,45
11175,PHYS203,TR,0800,0920,201710,OSC,350,46
11184,PHYS220,MWF,1300,1350,201710,OSC,327,20
11176,PHYS222,MWF,0900,0950,201710,OSC,350,30
11017,SOCW441,TR,1200,1320,201710,ADM,101,35
10224,THEA440,TR,0000,0001,201710,MRW,241,14
10930,COMP485,MWF,0900,0950,201710,DMC,117,30
10873,ACCT310,TR,0930,1050,201710,MBB,118,58
10896,PSYC351,MWF,1000,1050,201710,ADM,327,18
10956,PSYC368,MWF,1400,1450,201710,MCK,,20
11454,NURS340,F,1300,1450,201710,,,27
11451,NURS351,F,0800,0850,201710,,,55
11426,THEA224,TR,1330,1450,201710,MRW,241,14
11127,PSYC692,T,1300,1420,201710,,,6
10978,PSYC695,,0000,0001,201710,,,10
11192,ENGR211,R,1330,1620,201710,BEN,212,20
11196,ENGR333,MWF,0800,0850,201710,BEN,119,30
11194,ENGR343,W,1400,1650,201710,BEN,212,20
11167,ENGR430,TR,0930,1050,201710,BEN,119,25
11168,ENGR431,F,0000,0001,201710,BEN,114,25
11118,ENVR345,W,1400,1650,201710,DAN,100,18
10681,COMM211,MWF,0800,0850,201710,SHB,208,20
10691,COMM222,TR,0800,0920,201710,SHB,217,20
10272,JMC488,TR,0800,0920,201710,DMC,320,30
10248,JMC201,MWF,1000,1050,201710,DMC,302,15
10282,JMC342,TR,1500,1620,201710,DMC,302,15
10284,JMC364,MWF,1000,1050,201710,DMC,320,20
10601,ART317,MW,1500,1750,201710,DMC,209,18
10791,NUTR325,TR,0930,1050,201710,GIB,132,20
11493,OCCT711,M,0800,0900,201710,B08,,25
11556,FLEN047,MTWRF,0800,0850,201710,ADM,319,20
10642,CHEM131,T,1330,1720,201710,OSC,117,29
10645,CHEM131,W,1300,1650,201710,OSC,117,29
10471,ENGL003,MWF,0800,0850,201710,ADM,327,18
10091,MPIM421,F,1400,1450,201710,WPA,228,5
10499,ENGL111,MWF,0900,0950,201710,MBB,116,25
10511,ENGL111,TR,1200,1320,201710,ADM,318,25
10516,ENGL111,MWF,0800,0850,201710,ADM,219,25
11160,BCOR310,TR,1200,1320,201710,BSB,120,60
10135,MPVN411,,0000,0001,201710,WPA,225,1
10663,CHEM333,TR,0800,0920,201710,OSC,157,12
11031,BIOL114,M,1400,1550,201710,OSC,415,24
11036,BIOL114,T,1530,1720,201710,OSC,427,24
10984,HON403,M,1800,2050,201710,OSC,485,15
11130,MATH334,MW,1500,1620,201710,OSC,239,15
10343,MATH377,TR,0800,0920,201710,OSC,241,32
11539,GRAD695,,0000,0001,201710,,,5
11046,BIOL293,M,1200,1415,201710,OSC,455,16
11050,BIOL293,T,1200,1415,201710,OSC,451,16
10348,MATW019,MWF,0800,0850,201710,OSC,250,23
10232,HIST118,MWF,1300,1350,201710,ADM,321,30
10464,BLAW363,MWF,1000,1050,201710,MBB,301,75
11306,MATW120,MW,1300,1350,201710,OSC,241,32
11307,MATW120,MW,1500,1550,201710,OSC,241,32
11418,MFTO641,MTWRF,,,201710,,,20
10092,MPIM221,F,1400,1450,201710,WPA,130,5
10096,MPIM221,F,1400,1450,201710,WPA,246,5
10287,BIBM602,M,0800,1200,201710,,,20
11387,EDUC668,,0000,0001,201710,,,1
11077,BIOL351,TR,0800,0920,201710,OSC,457,30
11078,BIOL353,TR,0800,0920,201710,OSC,458,64
11081,BIOL354,TR,1630,1750,201710,OSC,475,16
10725,EDUC476,M,1800,2050,201710,EDB,122,25
11369,BGRK221,MTWR,1600,1650,201710,BSB,127,15
10382,BGRK331,MW,1500,1620,201710,BSB,219,24
11367,BGRK331,,0000,0001,201710,,,2
11199,PHYS472,MWF,0800,0850,201710,OSC,350,30
11583,PHYS497,,0000,0001,201710,,,1
10187,BIBM403,,0000,0001,201710,SAOXFO,,25
10147,MPVM421,W,1500,1550,201710,WPA,220,5
10910,CS315,TR,1500,1620,201710,MBB,318,25
11570,BIBD699,,0000,0001,201710,,,5
11261,FREN111,MW,1200,1250,201710,ADM,120,40
10584,FREN386,TR,1500,1620,201710,ADM,316,20
11523,BUSA088,MTWRF,,,201710,,,15
10756,FAM455,TR,1330,1450,201710,BSB,115,45
11589,LEAD714,MTWRF,,,201710,,,15
11485,LEAD724,MTWRF,,,201710,,,20
11486,LEAD724,MTWRF,,,201710,,,20
11490,LEAD724,MTWRF,,,201710,,,20
10868,ACCT405,TR,0930,1050,201710,MBB,115,50
10861,ACCT499,T,0700,0750,201710,MBB,103,0
10693,COMM343,MWF,1000,1050,201710,SHB,216,22
10954,COMM450,R,1800,2050,201710,SHB,208,25
11472,COMM697,MTWRF,,,201710,,,20
11214,CORE110,MWF,1000,1050,201710,DMC,141,30
11220,CORE110,MWF,1000,1050,201710,OSC,157,30
11226,CORE110,MWF,1000,1050,201710,ADM,310,30
11229,CORE110,MWF,1000,1050,201710,BSB,113,30
11232,CORE110,MWF,1300,1350,201710,BSB,117,30
11252,CORE110,MWF,1300,1350,201710,ZEL,101,25
10845,ACCT210,MWF,0900,0950,201710,MBB,117,53
10846,ACCT210,MWF,1000,1050,201710,MBB,117,53
11095,AENV110,W,1330,1520,201710,ADM,327,18
11105,ANSC111,MWF,0900,0950,201710,ADM,128,35
11111,ANSC360,M,1500,1650,201710,RHD,,6
10597,ART213,TR,1330,1620,201710,DMC,227,6
10615,ART455,MWF,0900,1050,201710,DMC,224,23
10304,BIBD642,F,0800,1700,201710,BSB,250,25
10306,BIBH651,T,0800,1050,201710,BSB,128,20
10432,BIBL101,TR,1330,1450,201710,BSB,219,25
10437,BIBL101,MWF,1300,1350,201710,BSB,112,40
10440,BIBL101,TR,0800,0920,201710,BSB,129,72
10442,BIBL101,MWF,1000,1050,201710,BSB,130,30
10446,BIBL101,MWF,0900,0950,201710,BSB,129,44
10416,BIBL103,MWF,0800,0850,201710,BSB,120,32
10421,BIBL211,TR,0930,1050,201710,BSB,104,25
10401,BIBL458,TR,0930,1050,201710,BSB,250,30
11580,BIBL699,,0000,0001,201710,,,1
11044,BIOL291,MWF,1000,1050,201710,OSC,458,46
11076,BIOL312,MWF,1200,1250,201710,OSC,458,40
11082,BIOL355,MWF,0800,0850,201710,OSC,451,16
11092,BIOL495,R,1330,1620,201710,OSC,381,12
11131,BMFT639,R,0800,1050,201710,BSB,128,25
10901,BUSA440,TR,1500,1620,201710,MBB,216,40
11519,BUSA550,MTWRF,,,201710,,,20
11495,BUSA656,MTWRF,,,201710,,,20
10656,CHEM221,M,1400,1750,201710,OSC,258,20
10661,CHEM223,MWF,0900,0950,201710,OSC,117,45
10677,CHEM463,R,1330,1720,201710,OSC,157,12
10944,COMP693,W,1300,1350,201710,,,8
10945,COMP694,M,1630,1720,201710,DMC,117,24
11501,CONR601,MTWRF,,,201710,,,20
11484,CONR612,MTWRF,,,201710,,,20
10859,CS120,MWF,1300,1350,201710,MBB,318,40
10715,EDUC221,TR,1200,1320,201710,EDB,112,20
10726,EDUC490,MTWRF,0730,1600,201710,,,90
10474,ENGL004,MWF,1200,1250,201710,ADM,327,18
11431,ENGL004,MWF,1000,1050,201710,ADM,219,18
10477,ENGL006,MWF,0900,0950,201710,ADM,318,18
10475,ENGL106,MWF,0800,0850,201710,ADM,316,18
10490,ENGL106,MWF,1200,1250,201710,ADM,330,18
10519,ENGL112,MWF,0900,0950,201710,MBB,316,25
10524,ENGL112,TR,0800,0920,201710,ADM,318,25
11429,ENGL221,MWF,1300,1350,201710,BRT,100,25
10534,ENGL231,TR,1200,1320,201710,ADM,321,25
10836,KINE420,,0000,0001,201710,,,5
11067,SOCW781,R,2000,2050,201710,,,5
10566,ENGL625,TR,0930,1050,201710,LIB,244,10
11150,ENGR116,T,0800,1050,201710,BEN,212,20
11151,ENGR116,W,1400,1650,201710,BEN,210,20
10750,FAM452,TR,0930,1050,201710,BSB,112,44
10993,HON417,,0900,1700,201710,,,15
10844,IT220,MWF,1300,1350,201710,MBB,216,40
10911,IT310,TR,0800,0920,201710,MBB,314,29
10247,JMC102,T,1800,2050,201710,DMC,307,15
10256,JMC223,TR,0800,0920,201710,DMC,307,15
10392,JMC495,W,1630,1720,201710,DMC,320,30
10762,KINE206,MWF,0900,0950,201710,MRW,140,24
10775,KINE333,TR,0930,1050,201710,GIB,130,24
10781,KINE399,TR,1200,1320,201710,GIB,136,24
10841,MACC617,M,1500,1750,201710,MBB,215,50
11128,MATH120,TR,1500,1620,201710,MBB,117,45
10820,PEAC228,MW,1500,1620,201710,MRW,146A,24
10335,MATH187,W,1500,1650,201710,OSC,250,20
10375,MATH410,TR,1500,1620,201710,OSC,239,24
10899,MGMT373,TR,0930,1050,201710,MBB,216,40
10904,MGMT447,TR,1330,1450,201710,MBB,217,40
10857,MKTG341,MWF,0800,0850,201710,MBB,318,27
10046,MPEI406,,0000,0001,201710,WPA,246,5
10080,MPIN211,,0000,0001,201710,WPA,136,25
10145,MPVM221,W,1500,1550,201710,WPA,220,5
10154,MPVM231,W,1500,1550,201710,WPA,224,5
10003,MUSE211,TR,1400,1450,201710,WPA,157,10
10020,MUST211,TR,0830,0920,201710,WPA,213,25
11475,NURS701,MTWRF,,,201710,,,15
11200,PHYS371,TR,1330,1450,201710,BEN,219,30
10367,POLS395,TR,1330,1450,201710,ADM,330,45
10957,PSYC370,TR,0930,1050,201710,MCK,15,30
10185,SOCI480,MWF,1400,1450,201710,SHB,216,20
11014,SOCW381,M,1130,1250,201710,ADM,100,25
11074,SOCW400,,0000,0001,201710,,,5
11061,SOCW745,F,0900,1150,201710,ADM,102,15
10572,SPAN111,MWF,1400,1450,201710,ADM,100,20
11162,SPAN111,,0000,0001,201710,,,80
11345,SPAN471,,,,201710,,,0
10197,THEA137,MW,1300,1450,201710,SWL,110,10
10202,THEA137,WF,1500,1650,201710,SWL,120,10
10206,THEA137,TR,1500,1650,201710,SWL,120,10
10369,POLS499,,0000,0001,201710,,,10
10219,THEA411,,0000,0001,201710,WPA,135,18
10929,COMP471,TR,0930,1050,201710,DMC,117,30
11318,NURS350,,0000,0001,201710,,,0
11452,NURS352,M,0800,1050,201710,,,55
10211,THEA221,TR,1200,1320,201710,WPA,258,14
10031,MPEI306,TR,1500,1620,201710,WPA,157,15
11193,ENGR342,MWF,1300,1350,201710,BEN,219,40
11117,ENVR345,MW,1300,1350,201710,ADM,120,18
10843,MGMT331,MWF,1000,1050,201710,MBB,216,40
10946,HIST458,T,1800,2050,201710,ADM,329,18
10243,HIST480,TR,0930,1050,201710,ADM,329,18
11335,CMUS4M1,,,,201710,,,1
10684,COMM211,MWF,0900,0950,201710,SHB,215,20
10687,COMM211,MWF,1400,1450,201710,SHB,208,20
10391,JMC450,MW,1500,1620,201710,DMC,320,15
10267,JMC347,TR,0930,1050,201710,DMC,320,30
10268,JMC351,TR,0930,1050,201710,DMC,302,15
10004,MUSE338,MW,1000,1050,201710,WPA,157,10
10413,BMIS270,TR,1200,1320,201710,BSB,249,30
10709,EACH451,MWF,0800,0950,201710,EDB,124,20
11558,CONR605,MTWRF,,,201710,,,15
10632,OCCT603,M,1330,1530,201710,ADM,317,26
10643,CHEM131,T,1330,1720,201710,OSC,117,29
10644,CHEM131,W,1300,1650,201710,OSC,117,29
10095,MPIM421,F,1400,1450,201710,WPA,246,5
10648,CHEM133,TR,0800,0920,201710,OSC,117,40
10652,CHEM133,TR,0930,1050,201710,OSC,175,20
10504,ENGL111,MWF,1000,1050,201710,ADM,331,25
10510,ENGL111,TR,1200,1320,201710,ADM,310,25
11159,BCOR310,TR,1330,1450,201710,BSB,114,60
10030,MPEI315,TR,1630,1800,201710,WPA,157,15
11034,BIOL114,M,1800,1950,201710,OSC,427,24
11035,BIOL114,T,1330,1520,201710,OSC,427,24
11402,BIOL114,M,1200,1350,201710,OSC,427,24
10990,HON406,,0800,1700,201710,MBB,316,15
11445,HON409,,0000,0001,201710,SAOXFO,,15
10981,HON411,R,1800,2050,201710,,,14
11341,MATH361,MWF,0900,0950,201710,OSC,239,22
11540,GRAD695,,0000,0001,201710,,,5
11547,FLEN021,MTWRF,1300,1350,201710,ADM,319,20
11049,BIOL293,M,1430,1645,201710,OSC,451,16
10231,HIST117,TR,1500,1620,201710,ADM,321,30
11420,MFTO639,MTWRF,,,201710,,,20
11407,MFTO643,MTWRF,,,201710,,,25
11409,MFTO643,MTWRF,,,201710,,,20
10318,BIBM604,T,1500,1750,201710,BSB,128,15
11326,BIBM604,,0000,0001,201710,,,15
10116,MPEV301,MTWR,1700,1800,201710,WPA,145,50
10540,ENGL263,,0000,0001,201710,,,25
10617,DSGN201,MWF,1300,1450,201710,DMC,209,20
10594,ART111,MW,1400,1650,201710,DMC,227,20
11088,BIOL491,MWF,0900,0950,201710,OSC,451,16
11187,PHYS111,R,1300,1450,201710,LIB,231,30
11512,MGMT636,MTWRF,,,201710,,,20
10260,JMC302,W,1400,1450,201710,DMC,320,20
11190,PHYS497,TR,0930,1020,201710,BEN,119,12
10588,ART101,MWF,0800,0850,201710,LIB,272,35
10001,MUSC217,TR,0930,1050,201710,WPA,214,20
10556,ENGL483,MWF,1200,1250,201710,ADM,329,25
10275,BIBM706,MTWR,0800,1700,201710,BSB,249,20
10878,CS230,TR,0930,1050,201710,MBB,215,40
10851,CS332,MWF,0900,0950,201710,MBB,314,29
11129,CS341,MWF,1300,1350,201710,OSC,239,12
11310,CORE210,MWF,1300,1350,201710,BSB,121,30
10402,BIBH380,MWF,1000,1050,201710,BSB,249,25
11509,HIED621,MTWRF,,,201710,,,20
10345,MATH185,MWF,0900,0950,201710,MBB,217,40
10293,BMIS646,MTWRF,0800,1700,201710,BSB,250,15
11520,BUSA088,MTWRF,,,201710,,,15
10400,BIBT379,TR,0930,1050,201710,BSB,219,25
11024,BIOL101,TR,1330,1450,201710,OSC,458,50
10854,MKTG432,MWF,1000,1050,201710,MBB,317,12
10879,MKTG440,TR,1200,1320,201710,MBB,215,12
11406,MFTO662,MTWRF,,,201710,,,20
11410,MFTO663,MTWRF,,,201710,,,20
11461,LEAD711,MTWRF,,,201710,,,15
11277,LEAD714,MTWRF,,,201710,,,20
11481,LEAD744,MTWRF,,,201710,,,20
11483,LEAD744,MTWRF,,,201710,,,20
10884,MACC604,W,1500,1750,201710,MBB,218,50
10734,SPED374,TR,1330,1450,201710,EDB,112,10
10784,KINE480,MWF,1300,1350,201710,GIB,136,36
10696,COMM392,MWF,1400,1450,201710,SHB,215,25
10702,COMM585,TR,1330,1450,201710,SHB,217,5
10705,COMM675,MR,1800,2050,201710,SHB,217,20
11513,COMM697,MTWRF,,,201710,,,20
11163,COMP140,TR,1630,1750,201710,DMC,141,40
11219,CORE110,MWF,1000,1050,201710,MRW,260A,30
11238,CORE110,MWF,1300,1350,201710,MBB,115,30
11243,CORE110,MWF,1300,1350,201710,EDB,112,30
10461,FIN411,MWF,1300,1350,201710,MBB,218,40
10462,ACCT311,MWF,0900,0950,201710,MBB,118,58
11107,ANSC111,W,1400,1650,201710,ADM,128,35
10598,ART221,TR,1200,1320,201710,SHB,217,41
11575,BHEB600,,0000,0001,201710,,,1
10438,BIBL101,MWF,0900,0950,201710,BSB,117,70
10439,BIBL101,TR,1330,1450,201710,BSB,117,60
10444,BIBL101,TR,1200,1320,201710,BSB,117,80
10445,BIBL101,TR,1330,1450,201710,BSB,129,70
11351,BIBL101,MWF,0900,0950,201710,BSB,129,13
10418,BIBL103,MW,1500,1620,201710,BSB,249,30
10422,BIBL211,MWF,0900,0950,201710,BSB,114,135
10387,BIBL359,TR,0800,0920,201710,BSB,115,25
10396,BIBL460,MWF,0800,0850,201710,BSB,219,25
11028,BIOL112,MWF,0800,0850,201710,OSC,417,14
11139,BMFT603,,0000,0001,201710,,,8
11327,BMIS621,,0000,0001,201710,,,15
10466,BUSA120,MWF,1000,1050,201710,MBB,201,65
10657,CHEM221,T,1330,1720,201710,OSC,258,20
10931,COMP494,M,1130,1220,201710,DMC,117,30
11502,CONR601,MTWRF,,,201710,,,20
10860,CS120,MWF,1400,1450,201710,MBB,318,40
10909,DET210,TR,1330,1450,201710,MBB,301,30
10623,DSGN461,F,1300,1550,201710,DMC,201,15
10470,ECON260,MWF,1000,1050,201710,MBB,215,52
10714,EDUC221,MWF,1000,1050,201710,EDB,112,20
10472,ENGL004,MWF,0800,0850,201710,ADM,327,18
10482,ENGL106,MWF,1200,1250,201710,ADM,219,18
11372,ENGL106,MWF,0800,0850,201710,ADM,127,0
11517,ENGL112,MWF,0900,0950,201710,BSB,112,25
10526,ENGL221,TR,0930,1050,201710,ZEL,101,25
10544,ENGL322,M,1800,2050,201710,ADM,327,15
10545,ENGL323,T,1830,2120,201710,ADM,327,15
11362,ENGL325,,,,201710,,,1
11119,ENVR410,MWF,1000,1050,201710,ADM,127,10
10452,FIN310,MWF,0900,0950,201710,MBB,115,56
10460,FIN416,MWF,1000,1050,201710,MBB,218,40
11550,FLEN033,MTWRF,1400,1450,201710,ADM,319,20
10585,GER111,MWF,0900,0950,201710,BRT,100,20
10586,GER221,MWF,1000,1050,201710,BRT,100,20
11270,HIST221,MWF,0800,0950,201710,ADM,322,0
10876,IS324,TR,0930,1050,201710,MBB,201,48
10855,IS432,MWF,1000,1050,201710,MBB,317,8
10246,JMC102,MWF,0800,0850,201710,DMC,307,15
10262,JMC321,F,1200,1250,201710,DMC,210,20
10264,JMC321,M,1700,1850,201710,DMC,108A,20
10766,KINE241,MWF,1000,1050,201710,MRW,146A,16
10769,KINE302,M,1800,1950,201710,MRW,260A,50
10776,KINE360,TR,0800,0920,201710,GIB,130,24
10777,KINE365,T,1800,2050,201710,GIB,135,14
10779,KINE373,M,1500,1700,201710,GIB,131,12
10881,MACC619,T,1500,1750,201710,MBB,215,50
10329,MATH123,MWF,1200,1250,201710,MBB,201,80
10330,MATH124,MWF,0800,0850,201710,ADM,100,40
11137,BMFT634,R,0800,1050,201710,BSB,,25
11566,MATW040,TR,0930,1050,201710,OSC,250,0
11004,MGMT430,T,1500,1750,201710,MBB,116,30
10121,MPEV312,TR,1500,1650,201710,WPA,145,20
10058,MPIN211,,0000,0001,201710,WPA,228,5
10149,MPVM221,W,1500,1550,201710,WPA,131,5
10148,MPVM431,W,1500,1550,201710,WPA,220,5
10156,MPVM431,W,1500,1550,201710,WPA,224,5
10011,MUPC113,TR,1330,1420,201710,WPA,215,15
10169,MUPM221,F,1500,1700,201710,WPA,217,5
10017,MUST131,MWF,0800,0850,201710,WPA,215,30
10021,MUST231,MWF,0800,0850,201710,WPA,213,20
11317,NURS330,,0000,0001,201710,,,0
11577,NURS701,MTWRF,,,201710,,,10
10787,NUTR120,,0000,0001,201710,,,21
10800,PEAC101,MW,1400,1520,201710,MRW,140,22
10803,PEAC206,MWF,1000,1050,201710,MRW,140,24
11181,PHYS362,MWF,0900,0950,201710,OSC,327,18
10365,POLS221,TR,0930,1050,201710,ADM,330,45
10959,PSYC374,M,1800,2050,201710,MCK,15,30
10970,PSYC612,M,1200,1450,201710,MCK,27,16
10181,SOCI368,MWF,1000,1050,201710,ADM,103,20
11070,SOCW799,,0000,0001,201710,,,6
10571,SPAN111,MWF,1300,1350,201710,ADM,100,20
11260,SPAN112,,0000,0001,201710,,,20
10379,SPAN221,,0000,0001,201710,SAMONT,,0
10207,THEA137,TR,1500,1650,201710,SWL,120,10
10629,THEA350,MWF,1000,1050,201710,WPA,169,14
10892,PSYC241,MW,1300,1420,201710,MBB,118,50
11000,IT440,TR,1500,1620,201710,MBB,316,30
10869,ACCT304,TR,1330,1450,201710,MBB,115,50
10938,COMP620,T,1330,1620,201710,DMC,117,8
10942,COMP661,M,1730,2020,201710,DMC,117,24
11321,NURS450,,0000,0001,201710,,,50
11393,ECON261,MWF,1400,1450,201710,MBB,115,50
10210,THEA220,MWF,1000,1050,201710,WPA,193,22
11257,ENGR222,TR,0930,1050,201710,OSC,327,20
11201,ENGR388,MWF,1000,1050,201710,BEN,219,30
10682,COMM211,TR,1500,1620,201710,SHB,208,20
11274,COMM211,MWF,0800,0950,201710,SHB,,20
11567,COMM211,TR,0800,0920,201710,SHB,216,20
10250,JMC201,MWF,1400,1450,201710,DMC,302,15
10720,EDUC370,MW,1300,1450,201710,EDB,124,20
11213,GERO552,T,1500,1750,201710,ADM,103,10
10008,MUSM132,MWF,0900,0950,201710,WPA,213,25
10708,EACH363,TR,1200,1320,201710,EDB,124,20
10790,NUTR322,TR,0930,1050,201710,MRW,260B,20
10640,OCCT695,,0000,0001,201710,,,26
10641,OCCT735,,0000,0001,201710,,,26
11563,OCCT795,,0000,0001,201710,,,1
11555,FLEN041,MTWRF,1000,1050,201710,DMC,201,20
10180,SOCI111,R,1500,1750,201710,ADM,103,40
10646,CHEM131,R,1330,1720,201710,OSC,117,29
10389,BIBL365,TR,0800,0920,201710,BSB,219,25
10087,MPIM421,F,1400,1450,201710,WPA,219,5
10651,CHEM133,TR,0800,0920,201710,OSC,175,38
10503,ENGL111,MWF,1200,1250,201710,ADM,331,25
10505,ENGL111,MWF,1200,1250,201710,ADM,318,25
10512,ENGL111,TR,1330,1450,201710,MBB,116,25
10517,ENGL111,TR,0930,1050,201710,ADM,100,25
10664,CHEM333,M,1400,1750,201710,OSC,175,12
10174,MUSR311,,0000,0001,201710,WPA,111,20
10986,HON404,,0900,1700,201710,,,15
11553,FLEN029,MTWRF,1000,1050,201710,ADM,319,20
11366,MATW019,TR,1200,1320,201710,OSC,250,0
10746,HIST131,MWF,0900,0950,201710,ADM,321,30
10885,BLAW461,MWF,0800,0850,201710,MBB,201,80
10587,CHEM101,MWF,0800,0850,201710,OSC,258,34
10094,MPIM221,F,1400,1450,201710,WPA,246,5
10103,MPIM221,F,1400,1450,201710,WPA,150,5
10286,BIBM603,TWRF,0800,1700,201710,,,20
10289,BIBM603,TWRF,0800,1700,201710,,,20
11303,ENGL262,TR,0930,1050,201710,ADM,318,24
10541,ENGL263,TR,1330,1450,201710,ADM,103,50
10493,ENGL007,MWF,1000,1050,201710,MBB,116,18
10619,DSGN221,MW,1600,1720,201710,DMC,201,20
10595,ART111,TR,0800,1050,201710,DMC,227,20
11089,BIOL492,MWF,0900,0950,201710,OSC,417,35
10296,BGRK611,,0000,0001,201710,,,12
11510,MGMT636,MTWRF,,,201710,,,20
11511,MGMT636,MTWRF,,,201710,,,20
10735,READ460,TR,0800,0920,201710,EDB,110,12
10259,JMC261,TR,1330,1450,201710,DMC,141,9
11356,JMC261,TR,1330,1450,201710,DMC,141,9
10261,JMC303,,,,201710,DMC,320,15
11156,POLC205,MW,1330,1450,201710,BSB,114,80
11041,BIOL223,W,1400,1650,201710,OSC,427,20
10301,BHEB681,T,0800,1050,201710,BSB,126,15
11469,HIED611,MTWRF,,,201710,,,20
11470,HIED611,MTWRF,,,201710,,,20
11507,HIED621,MTWRF,,,201710,,,20
11370,BIOL101,MWF,1300,1350,201710,OSC,458,50
11385,FAM251,TR,0800,0920,201710,BSB,120,45
10810,PEAC214,TR,0930,1050,201710,MRW,240,40
10190,PEAC216,,0000,0001,201710,SAOXFO,,36
10950,PEAC216,MW,1300,1420,201710,MRW,140,40
10818,PEAC227,MW,0630,0750,201710,GIB,130,24
10753,FAM470,M,1800,2050,201710,BSB,115,35
11288,LEAD711,MTWRF,,,201710,,,20
11283,LEAD714,MTWRF,,,201710,,,15
11480,LEAD744,MTWRF,,,201710,,,20
11497,LEAD784,MTWRF,,,201710,,,15
11498,LEAD784,MTWRF,,,201710,,,15
10733,SPED371,MWF,0900,0950,201710,EDB,110,18
11280,LEAD701,MTWRF,,,201710,,,20
10692,COMM331,MWF,0900,0950,201710,SHB,217,25
10694,COMM345,TR,1500,1620,201710,SHB,216,30
10697,COMM408,TR,1330,1450,201710,SHB,216,10
10707,COMM508,TR,1330,1450,201710,SHB,216,12
11395,COMM699,,0000,0001,201710,,,5
11216,CORE110,MWF,1000,1050,201710,BSB,112,30
11223,CORE110,MWF,1000,1050,201710,MCG,54,30
11228,CORE110,MWF,1000,1050,201710,SHB,208,30
11233,CORE110,MWF,1300,1350,201710,BSB,115,30
11234,CORE110,MWF,1300,1350,201710,BSB,103,30
11236,CORE110,MWF,1300,1350,201710,ADM,302,30
11245,CORE110,MWF,1300,1350,201710,BSB,219,30
11250,CORE110,MWF,1000,1050,201710,SHB,217,25
10915,FIN412,TR,0930,1050,201710,MBB,315,25
